{"o": [[-0.11937698644627061, 0.24848672652012285, 0.2868705248696623], [-0.5304869354623164, -0.47749044230326093, -0.4753675042646127, 0.5144047284989417]], "1": [[-0.14216395483021335, 0.07459009951935525, 0.5649512891949161], [-0.682133341231614, -0.02581169267396359, 0.017504232119715944, 0.7305624293374239]], "2": [[-0.14184042838760408, -0.029040220216338383, 0.36453366137959564], [-0.8086260354551275, 0.018708445155947953, -0.005371113484084694, 0.5880009183699554]], "3": [[-0.1343137180800988, 0.08629453741334735, 0.2960809280002008], [-0.5502208148597532, -0.4780666902962091, -0.4527450366528465, 0.5135476865009814]]} 