{"o": [[-0.11937698644627061, 0.24848672652012285, 0.2868705248696623], [-0.5304869354623164, -0.47749044230326093, -0.4753675042646127, 0.5144047284989417]], "1": [[-0.14216395483021335, 0.07459009951935525, 0.5649512891949161], [-0.682133341231614, -0.02581169267396359, 0.017504232119715944, 0.7305624293374239]], "2": [[-0.14184042838760408, -0.029040220216338383, 0.36453366137959564], [-0.8086260354551275, 0.018708445155947953, -0.005371113484084694, 0.5880009183699554]], "3": [[-0.1343137180800988, 0.08629453741334735, 0.2960809280002008], [-0.5502208148597532, -0.4780666902962091, -0.4527450366528465, 0.5135476865009814]], "4": [[-0.13424652524163824, 0.08628869558915164, 0.29612704261411704], [-0.5502565044683859, -0.4777433594677692, -0.4530062660513579, 0.5135799691312827]], "5": [[-0.10841796191381502, 0.17577726780238045, 0.29593486472244296], [-0.5448689917670398, -0.48477951000481095, -0.48731711834504826, 0.4802381020474563]], "6": [[-0.09361401604252112, 0.21435965341334526, 0.302087646063581], [-0.5420836100128195, -0.4655830063058119, -0.5002159207113032, 0.4890417739433462]]}